,ASSAULT_RATE_2016,AUTOTHEFT_RATE_2016,BIKETHEFT_RATE_2016,BREAKENTER_RATE_2016,ROBBERY_RATE_2016,THEFTFROMMV_RATE_2016,THEFTOVER_RATE_2016
ASSAULT_RATE_2016,1.0,0.19269523969578792,0.4492736742933307,0.44944510724667636,0.7445694908429888,0.5757757275739595,0.4206869689349583
AUTOTHEFT_RATE_2016,0.19269523969578792,1.0,-0.08697157684665932,0.16711711746589206,0.2741957027632898,0.20574687799537728,0.4515237731565234
BIKETHEFT_RATE_2016,0.4492736742933307,-0.08697157684665932,1.0,0.5712457653514533,0.39092234464871334,0.5164696862767527,0.2538996406145692
BREAKENTER_RATE_2016,0.44944510724667636,0.16711711746589206,0.5712457653514533,1.0,0.41530656856117437,0.4685823326680566,0.525273263653387
ROBBERY_RATE_2016,0.7445694908429888,0.2741957027632898,0.39092234464871334,0.41530656856117437,1.0,0.4547290077541278,0.3263722175152808
THEFTFROMMV_RATE_2016,0.5757757275739595,0.20574687799537728,0.5164696862767527,0.4685823326680566,0.4547290077541278,1.0,0.478693512586454
THEFTOVER_RATE_2016,0.4206869689349583,0.4515237731565234,0.2538996406145692,0.525273263653387,0.3263722175152808,0.478693512586454,1.0
