,ASSAULT_RATE_2020,AUTOTHEFT_RATE_2020,BIKETHEFT_RATE_2020,BREAKENTER_RATE_2020,ROBBERY_RATE_2020,THEFTFROMMV_RATE_2020,THEFTOVER_RATE_2020
ASSAULT_RATE_2020,1.0,0.0442020268687757,0.5437661486505563,0.6787726564336649,0.8079966093707351,0.6323558756876536,0.5935740370853984
AUTOTHEFT_RATE_2020,0.0442020268687757,1.0,-0.26554321120684726,-0.05280571776266749,0.2183343380727363,0.5039299099783302,0.46292265728709436
BIKETHEFT_RATE_2020,0.5437661486505563,-0.26554321120684726,1.0,0.8371678902663993,0.4736889839993478,0.3964876798474844,0.5030517339671495
BREAKENTER_RATE_2020,0.6787726564336649,-0.05280571776266749,0.8371678902663993,1.0,0.6091787282067436,0.5688511083145096,0.6104481045050449
ROBBERY_RATE_2020,0.8079966093707351,0.2183343380727363,0.4736889839993478,0.6091787282067436,1.0,0.6736345218639601,0.5787602428960871
THEFTFROMMV_RATE_2020,0.6323558756876536,0.5039299099783302,0.3964876798474844,0.5688511083145096,0.6736345218639601,1.0,0.7184587871123831
THEFTOVER_RATE_2020,0.5935740370853984,0.46292265728709436,0.5030517339671495,0.6104481045050449,0.5787602428960871,0.7184587871123831,1.0
